{
  "hash": "47d36e9e",
  "configHash": "b4658d03",
  "lockfileHash": "899f4bdd",
  "browserHash": "46de58bc",
  "optimized": {
    "@angular/common": {
      "src": "../../../../../../node_modules/@angular/common/fesm2022/common.mjs",
      "file": "@angular_common.js",
      "fileHash": "bf060494",
      "needsInterop": false
    },
    "@angular/core": {
      "src": "../../../../../../node_modules/@angular/core/fesm2022/core.mjs",
      "file": "@angular_core.js",
      "fileHash": "314fde74",
      "needsInterop": false
    },
    "@angular/forms": {
      "src": "../../../../../../node_modules/@angular/forms/fesm2022/forms.mjs",
      "file": "@angular_forms.js",
      "fileHash": "8d48015c",
      "needsInterop": false
    },
    "@angular/platform-browser": {
      "src": "../../../../../../node_modules/@angular/platform-browser/fesm2022/platform-browser.mjs",
      "file": "@angular_platform-browser.js",
      "fileHash": "f5e041f9",
      "needsInterop": false
    }
  },
  "chunks": {
    "chunk-MHGZYMQ3": {
      "file": "chunk-MHGZYMQ3.js"
    },
    "chunk-BQCJQLJ4": {
      "file": "chunk-BQCJQLJ4.js"
    }
  }
}