{
  "hash": "eeb13131",
  "configHash": "bb73ff06",
  "lockfileHash": "82b584f4",
  "browserHash": "a82b5ec7",
  "optimized": {
    "@angular/common/http": {
      "src": "../../../../../../node_modules/@angular/common/fesm2022/http.mjs",
      "file": "@angular_common_http.js",
      "fileHash": "b9507a47",
      "needsInterop": false
    },
    "@angular/core": {
      "src": "../../../../../../node_modules/@angular/core/fesm2022/core.mjs",
      "file": "@angular_core.js",
      "fileHash": "f0f5fb82",
      "needsInterop": false
    },
    "@angular/platform-browser": {
      "src": "../../../../../../node_modules/@angular/platform-browser/fesm2022/platform-browser.mjs",
      "file": "@angular_platform-browser.js",
      "fileHash": "fd063e80",
      "needsInterop": false
    },
    "rxjs": {
      "src": "../../../../../../node_modules/rxjs/dist/esm5/index.js",
      "file": "rxjs.js",
      "fileHash": "a646c9ef",
      "needsInterop": false
    }
  },
  "chunks": {
    "chunk-HUG4U2BP": {
      "file": "chunk-HUG4U2BP.js"
    },
    "chunk-JYXXJTPI": {
      "file": "chunk-JYXXJTPI.js"
    },
    "chunk-5TID76VL": {
      "file": "chunk-5TID76VL.js"
    }
  }
}