{
  "hash": "7b55906a",
  "configHash": "3088566c",
  "lockfileHash": "f85c3719",
  "browserHash": "aad6e05f",
  "optimized": {
    "@angular/core": {
      "src": "../../../../../../node_modules/@angular/core/fesm2022/core.mjs",
      "file": "@angular_core.js",
      "fileHash": "7a7ab735",
      "needsInterop": false
    },
    "@angular/platform-browser": {
      "src": "../../../../../../node_modules/@angular/platform-browser/fesm2022/platform-browser.mjs",
      "file": "@angular_platform-browser.js",
      "fileHash": "4d497c47",
      "needsInterop": false
    },
    "@angular/router": {
      "src": "../../../../../../node_modules/@angular/router/fesm2022/router.mjs",
      "file": "@angular_router.js",
      "fileHash": "4c9e89a4",
      "needsInterop": false
    },
    "@angular/common/http": {
      "src": "../../../../../../node_modules/@angular/common/fesm2022/http.mjs",
      "file": "@angular_common_http.js",
      "fileHash": "250cf6f6",
      "needsInterop": false
    },
    "@angular/forms": {
      "src": "../../../../../../node_modules/@angular/forms/fesm2022/forms.mjs",
      "file": "@angular_forms.js",
      "fileHash": "50aca3ef",
      "needsInterop": false
    }
  },
  "chunks": {
    "chunk-X7KDH2J7": {
      "file": "chunk-X7KDH2J7.js"
    },
    "chunk-YHTQAO6K": {
      "file": "chunk-YHTQAO6K.js"
    },
    "chunk-TBHOUIK7": {
      "file": "chunk-TBHOUIK7.js"
    },
    "chunk-KQVTM4CV": {
      "file": "chunk-KQVTM4CV.js"
    }
  }
}