{
  "hash": "30106a3a",
  "configHash": "3b66d8b4",
  "lockfileHash": "84f60853",
  "browserHash": "70034075",
  "optimized": {
    "@angular/core": {
      "src": "../../../../../../node_modules/@angular/core/fesm2022/core.mjs",
      "file": "@angular_core.js",
      "fileHash": "bb719c90",
      "needsInterop": false
    },
    "@angular/platform-browser": {
      "src": "../../../../../../node_modules/@angular/platform-browser/fesm2022/platform-browser.mjs",
      "file": "@angular_platform-browser.js",
      "fileHash": "7686539e",
      "needsInterop": false
    },
    "@angular/router": {
      "src": "../../../../../../node_modules/@angular/router/fesm2022/router.mjs",
      "file": "@angular_router.js",
      "fileHash": "f0a5fba5",
      "needsInterop": false
    },
    "rxjs": {
      "src": "../../../../../../node_modules/rxjs/dist/esm5/index.js",
      "file": "rxjs.js",
      "fileHash": "31997326",
      "needsInterop": false
    },
    "@angular/forms": {
      "src": "../../../../../../node_modules/@angular/forms/fesm2022/forms.mjs",
      "file": "@angular_forms.js",
      "fileHash": "7574f63a",
      "needsInterop": false
    }
  },
  "chunks": {
    "chunk-BYODR5ME": {
      "file": "chunk-BYODR5ME.js"
    },
    "chunk-GFYWCAPR": {
      "file": "chunk-GFYWCAPR.js"
    },
    "chunk-2XYG76NS": {
      "file": "chunk-2XYG76NS.js"
    },
    "chunk-5TID76VL": {
      "file": "chunk-5TID76VL.js"
    }
  }
}