{
  "hash": "8bf6f6e4",
  "configHash": "ed8be59f",
  "lockfileHash": "3b14b6b1",
  "browserHash": "5eeaab14",
  "optimized": {
    "@angular/core": {
      "src": "../../../../../../node_modules/@angular/core/fesm2022/core.mjs",
      "file": "@angular_core.js",
      "fileHash": "570e8971",
      "needsInterop": false
    },
    "@angular/platform-browser": {
      "src": "../../../../../../node_modules/@angular/platform-browser/fesm2022/platform-browser.mjs",
      "file": "@angular_platform-browser.js",
      "fileHash": "8dc9591b",
      "needsInterop": false
    },
    "@angular/router": {
      "src": "../../../../../../node_modules/@angular/router/fesm2022/router.mjs",
      "file": "@angular_router.js",
      "fileHash": "6bc5b08d",
      "needsInterop": false
    },
    "@angular/common": {
      "src": "../../../../../../node_modules/@angular/common/fesm2022/common.mjs",
      "file": "@angular_common.js",
      "fileHash": "88baf40c",
      "needsInterop": false
    }
  },
  "chunks": {
    "chunk-6I26TVE5": {
      "file": "chunk-6I26TVE5.js"
    },
    "chunk-B235GXZU": {
      "file": "chunk-B235GXZU.js"
    },
    "chunk-YJFJI4Y6": {
      "file": "chunk-YJFJI4Y6.js"
    }
  }
}