{
  "hash": "8a45ebf7",
  "configHash": "36dfa415",
  "lockfileHash": "a2512993",
  "browserHash": "a96c4f5e",
  "optimized": {
    "@angular/core": {
      "src": "../../../../../../node_modules/@angular/core/fesm2022/core.mjs",
      "file": "@angular_core.js",
      "fileHash": "3649a1a9",
      "needsInterop": false
    },
    "@angular/platform-browser": {
      "src": "../../../../../../node_modules/@angular/platform-browser/fesm2022/platform-browser.mjs",
      "file": "@angular_platform-browser.js",
      "fileHash": "0fe6cfec",
      "needsInterop": false
    },
    "@angular/router": {
      "src": "../../../../../../node_modules/@angular/router/fesm2022/router.mjs",
      "file": "@angular_router.js",
      "fileHash": "374f5d1f",
      "needsInterop": false
    },
    "@angular/forms": {
      "src": "../../../../../../node_modules/@angular/forms/fesm2022/forms.mjs",
      "file": "@angular_forms.js",
      "fileHash": "283d994d",
      "needsInterop": false
    }
  },
  "chunks": {
    "chunk-QFUCSH7O": {
      "file": "chunk-QFUCSH7O.js"
    },
    "chunk-3FHLPXME": {
      "file": "chunk-3FHLPXME.js"
    },
    "chunk-FEKN3U2S": {
      "file": "chunk-FEKN3U2S.js"
    }
  }
}