[{"id":"p15","title":"African Savanna","image":{"src":"african-savanna.jpg","alt":"Wild animals roaming freely in the vast landscapes of the African savanna."},"lat":-2.153,"lon":34.6857},{"id":"p18","title":"Amazon River","image":{"src":"amazon-river.jpg","alt":"Navigating the waters of the Amazon River, surrounded by dense rainforest."},"lat":-3.4653,"lon":-58.38},{"id":"p17","title":"Machu Picchu","image":{"src":"machu-picchu.jpg","alt":"The historic Incan citadel of Machu Picchu illuminated by the morning sun."},"lat":-13.1631,"lon":-72.545},{"id":"p14","title":"Kerala Backwaters","image":{"src":"kerala-backwaters.jpg","alt":"Tranquil waters and lush greenery of the Kerala backwaters."},"lat":9.4981,"lon":76.3388}]