{
  "hash": "9619adea",
  "configHash": "bbc83fe0",
  "lockfileHash": "91c18fb5",
  "browserHash": "dc1d9cc2",
  "optimized": {
    "@angular/core": {
      "src": "../../../../../../node_modules/@angular/core/fesm2022/core.mjs",
      "file": "@angular_core.js",
      "fileHash": "566f5107",
      "needsInterop": false
    },
    "@angular/platform-browser": {
      "src": "../../../../../../node_modules/@angular/platform-browser/fesm2022/platform-browser.mjs",
      "file": "@angular_platform-browser.js",
      "fileHash": "2512bf23",
      "needsInterop": false
    },
    "@angular/router": {
      "src": "../../../../../../node_modules/@angular/router/fesm2022/router.mjs",
      "file": "@angular_router.js",
      "fileHash": "7eea933b",
      "needsInterop": false
    },
    "rxjs": {
      "src": "../../../../../../node_modules/rxjs/dist/esm5/index.js",
      "file": "rxjs.js",
      "fileHash": "1ea455b7",
      "needsInterop": false
    },
    "@angular/forms": {
      "src": "../../../../../../node_modules/@angular/forms/fesm2022/forms.mjs",
      "file": "@angular_forms.js",
      "fileHash": "e8cae972",
      "needsInterop": false
    }
  },
  "chunks": {
    "chunk-BYODR5ME": {
      "file": "chunk-BYODR5ME.js"
    },
    "chunk-GFYWCAPR": {
      "file": "chunk-GFYWCAPR.js"
    },
    "chunk-2XYG76NS": {
      "file": "chunk-2XYG76NS.js"
    },
    "chunk-5TID76VL": {
      "file": "chunk-5TID76VL.js"
    }
  }
}