{
  "hash": "2e1ba4dc",
  "configHash": "d9ba9c7b",
  "lockfileHash": "82b584f4",
  "browserHash": "e64906c8",
  "optimized": {
    "@angular/common/http": {
      "src": "../../../../../../node_modules/@angular/common/fesm2022/http.mjs",
      "file": "@angular_common_http.js",
      "fileHash": "31210d35",
      "needsInterop": false
    },
    "@angular/core": {
      "src": "../../../../../../node_modules/@angular/core/fesm2022/core.mjs",
      "file": "@angular_core.js",
      "fileHash": "18d22ae3",
      "needsInterop": false
    },
    "@angular/platform-browser": {
      "src": "../../../../../../node_modules/@angular/platform-browser/fesm2022/platform-browser.mjs",
      "file": "@angular_platform-browser.js",
      "fileHash": "c73397c7",
      "needsInterop": false
    }
  },
  "chunks": {
    "chunk-Z2BFPN7H": {
      "file": "chunk-Z2BFPN7H.js"
    },
    "chunk-E5KI7I6E": {
      "file": "chunk-E5KI7I6E.js"
    }
  }
}