{
  "hash": "a3d6a5b7",
  "configHash": "3bf60dab",
  "lockfileHash": "0f025381",
  "browserHash": "a1afe1da",
  "optimized": {
    "@angular/core": {
      "src": "../../../../../../node_modules/@angular/core/fesm2022/core.mjs",
      "file": "@angular_core.js",
      "fileHash": "f9c282dd",
      "needsInterop": false
    },
    "@angular/platform-browser": {
      "src": "../../../../../../node_modules/@angular/platform-browser/fesm2022/platform-browser.mjs",
      "file": "@angular_platform-browser.js",
      "fileHash": "9d6d41b8",
      "needsInterop": false
    },
    "@angular/common/http": {
      "src": "../../../../../../node_modules/@angular/common/fesm2022/http.mjs",
      "file": "@angular_common_http.js",
      "fileHash": "7c64bf9a",
      "needsInterop": false
    }
  },
  "chunks": {
    "chunk-Z2BFPN7H": {
      "file": "chunk-Z2BFPN7H.js"
    },
    "chunk-E5KI7I6E": {
      "file": "chunk-E5KI7I6E.js"
    }
  }
}