{
  "hash": "09263099",
  "configHash": "65916765",
  "lockfileHash": "0a2f491f",
  "browserHash": "4c66c16b",
  "optimized": {
    "@angular/core": {
      "src": "../../../../../../node_modules/@angular/core/fesm2022/core.mjs",
      "file": "@angular_core.js",
      "fileHash": "7184fa42",
      "needsInterop": false
    },
    "@angular/platform-browser": {
      "src": "../../../../../../node_modules/@angular/platform-browser/fesm2022/platform-browser.mjs",
      "file": "@angular_platform-browser.js",
      "fileHash": "59afd1b2",
      "needsInterop": false
    },
    "@angular/forms": {
      "src": "../../../../../../node_modules/@angular/forms/fesm2022/forms.mjs",
      "file": "@angular_forms.js",
      "fileHash": "47a47e84",
      "needsInterop": false
    }
  },
  "chunks": {
    "chunk-NYWWGVHZ": {
      "file": "chunk-NYWWGVHZ.js"
    },
    "chunk-FYTLGAJI": {
      "file": "chunk-FYTLGAJI.js"
    }
  }
}