{
  "hash": "f77b0748",
  "configHash": "684aa7b4",
  "lockfileHash": "a2512993",
  "browserHash": "5a9d5cb9",
  "optimized": {
    "@angular/core": {
      "src": "../../../../../../node_modules/@angular/core/fesm2022/core.mjs",
      "file": "@angular_core.js",
      "fileHash": "d6b42df9",
      "needsInterop": false
    },
    "@angular/forms": {
      "src": "../../../../../../node_modules/@angular/forms/fesm2022/forms.mjs",
      "file": "@angular_forms.js",
      "fileHash": "1cdd6e0e",
      "needsInterop": false
    },
    "@angular/platform-browser": {
      "src": "../../../../../../node_modules/@angular/platform-browser/fesm2022/platform-browser.mjs",
      "file": "@angular_platform-browser.js",
      "fileHash": "1652625b",
      "needsInterop": false
    },
    "@angular/router": {
      "src": "../../../../../../node_modules/@angular/router/fesm2022/router.mjs",
      "file": "@angular_router.js",
      "fileHash": "700b67dd",
      "needsInterop": false
    }
  },
  "chunks": {
    "chunk-QFUCSH7O": {
      "file": "chunk-QFUCSH7O.js"
    },
    "chunk-3FHLPXME": {
      "file": "chunk-3FHLPXME.js"
    },
    "chunk-FEKN3U2S": {
      "file": "chunk-FEKN3U2S.js"
    }
  }
}