{
  "hash": "6725b0e8",
  "configHash": "a89b7e39",
  "lockfileHash": "2953391a",
  "browserHash": "0a85b23e",
  "optimized": {
    "@angular/core": {
      "src": "../../../../../../node_modules/@angular/core/fesm2022/core.mjs",
      "file": "@angular_core.js",
      "fileHash": "254699c5",
      "needsInterop": false
    },
    "@angular/platform-browser": {
      "src": "../../../../../../node_modules/@angular/platform-browser/fesm2022/platform-browser.mjs",
      "file": "@angular_platform-browser.js",
      "fileHash": "821148fd",
      "needsInterop": false
    },
    "@angular/forms": {
      "src": "../../../../../../node_modules/@angular/forms/fesm2022/forms.mjs",
      "file": "@angular_forms.js",
      "fileHash": "516ba07b",
      "needsInterop": false
    }
  },
  "chunks": {
    "chunk-NYWWGVHZ": {
      "file": "chunk-NYWWGVHZ.js"
    },
    "chunk-FYTLGAJI": {
      "file": "chunk-FYTLGAJI.js"
    }
  }
}