[{"id":"p4","title":"Caribbean Beach","image":{"src":"caribbean-beach.jpg","alt":"Pristine white sand and turquoise waters of a Caribbean beach."},"lat":18.2208,"lon":-66.5901},{"id":"p6","title":"Amazon Rainforest Canopy","image":{"src":"rainforest.jpg","alt":"Lush canopy of a rainforest, teeming with life."},"lat":-3.4653,"lon":-62.2159},{"id":"p8","title":"Japanese Temple","image":{"src":"japanese-temple.jpg","alt":"Ancient Japanese temple surrounded by autumn foliage."},"lat":34.9949,"lon":135.785},{"id":"p2","title":"Sahara Desert Dunes","image":{"src":"desert-dunes.jpg","alt":"Golden dunes stretching to the horizon in the Sahara Desert."},"lat":25,"lon":0}]